[
  {
    "name": "Antigua and Barbuda",
    "alpha2": "AG",
    "alpha3": "ATG",
    "capital": "Saint John's",
    "region": "Americas",
    "currency": "XCD",
    "currencySymbol": "",
    "phone": "+1268",
    "flag": "🇦🇬"
  },
  {
    "name": "Bhutan",
    "alpha2": "BT",
    "alpha3": "BTN",
    "capital": "Thimphu",
    "region": "Asia",
    "currency": "BTN",
    "currencySymbol": "",
    "phone": "+975",
    "flag": "🇧🇹"
  },
  {
    "name": "Italy",
    "alpha2": "IT",
    "alpha3": "ITA",
    "capital": "Rome",
    "region": "Europe",
    "currency": "EUR",
    "currencySymbol": "€",
    "phone": "+39",
    "flag": "🇮🇹"
  },
  {
    "name": "Tuvalu",
    "alpha2": "TV",
    "alpha3": "TUV",
    "capital": "Funafuti",
    "region": "Oceania",
    "currency": "AUD",
    "currencySymbol": "",
    "phone": "+688",
    "flag": "🇹🇻"
  },
  {
    "name": "Anguilla",
    "alpha2": "AI",
    "alpha3": "AIA",
    "capital": "The Valley",
    "region": "Americas",
    "currency": "XCD",
    "currencySymbol": "",
    "phone": "+1264",
    "flag": "🇦🇮"
  },
  {
    "name": "Australia",
    "alpha2": "AU",
    "alpha3": "AUS",
    "capital": "Canberra",
    "region": "Oceania",
    "currency": "AUD",
    "currencySymbol": "",
    "phone": "+61",
    "flag": "🇦🇺"
  },
  {
    "name": "Belize",
    "alpha2": "BZ",
    "alpha3": "BLZ",
    "capital": "Belmopan",
    "region": "Americas",
    "currency": "BZD",
    "currencySymbol": "",
    "phone": "+501",
    "flag": "🇧🇿"
  },
  {
    "name": "Vanuatu",
    "alpha2": "VU",
    "alpha3": "VUT",
    "capital": "Port Vila",
    "region": "Oceania",
    "currency": "VUV",
    "currencySymbol": "",
    "phone": "+678",
    "flag": "🇻🇺"
  },
  {
    "name": "Belarus",
    "alpha2": "BY",
    "alpha3": "BLR",
    "capital": "Minsk",
    "region": "Europe",
    "currency": "BYN",
    "currencySymbol": "",
    "phone": "+375",
    "flag": "🇧🇾"
  },
  {
    "name": "Mauritius",
    "alpha2": "MU",
    "alpha3": "MUS",
    "capital": "Port Louis",
    "region": "Africa",
    "currency": "MUR",
    "currencySymbol": "",
    "phone": "+230",
    "flag": "🇲🇺"
  },
  {
    "name": "Laos",
    "alpha2": "LA",
    "alpha3": "LAO",
    "capital": "Vientiane",
    "region": "Asia",
    "currency": "LAK",
    "currencySymbol": "",
    "phone": "+856",
    "flag": "🇱🇦"
  },
  {
    "name": "Senegal",
    "alpha2": "SN",
    "alpha3": "SEN",
    "capital": "Dakar",
    "region": "Africa",
    "currency": "XOF",
    "currencySymbol": "",
    "phone": "+221",
    "flag": "🇸🇳"
  },
  {
    "name": "Turkey",
    "alpha2": "TR",
    "alpha3": "TUR",
    "capital": "Ankara",
    "region": "Asia",
    "currency": "TRY",
    "currencySymbol": "",
    "phone": "+90",
    "flag": "🇹🇷"
  },
  {
    "name": "Bolivia",
    "alpha2": "BO",
    "alpha3": "BOL",
    "capital": "Sucre",
    "region": "Americas",
    "currency": "BOB",
    "currencySymbol": "",
    "phone": "+591",
    "flag": "🇧🇴"
  },
  {
    "name": "Sri Lanka",
    "alpha2": "LK",
    "alpha3": "LKA",
    "capital": "Sri Jayawardenepura Kotte",
    "region": "Asia",
    "currency": "LKR",
    "currencySymbol": "",
    "phone": "+94",
    "flag": "🇱🇰"
  },
  {
    "name": "Norfolk Island",
    "alpha2": "NF",
    "alpha3": "NFK",
    "capital": "Kingston",
    "region": "Oceania",
    "currency": "AUD",
    "currencySymbol": "",
    "phone": "+672",
    "flag": "🇳🇫"
  },
  {
    "name": "China",
    "alpha2": "CN",
    "alpha3": "CHN",
    "capital": "Beijing",
    "region": "Asia",
    "currency": "CNY",
    "currencySymbol": "",
    "phone": "+86",
    "flag": "🇨🇳"
  },
  {
    "name": "Caribbean Netherlands",
    "alpha2": "BQ",
    "alpha3": "BES",
    "capital": "Kralendijk",
    "region": "Americas",
    "currency": "USD",
    "currencySymbol": "$",
    "phone": "+599",
    "flag": "🇧🇶"
  },
  {
    "name": "Guernsey",
    "alpha2": "GG",
    "alpha3": "GGY",
    "capital": "St. Peter Port",
    "region": "Europe",
    "currency": "GBP",
    "currencySymbol": "£",
    "phone": "+44",
    "flag": "🇬🇬"
  },
  {
    "name": "Sudan",
    "alpha2": "SD",
    "alpha3": "SDN",
    "capital": "Khartoum",
    "region": "Africa",
    "currency": "SDG",
    "currencySymbol": "",
    "phone": "+249",
    "flag": "🇸🇩"
  },
  {
    "name": "Mayotte",
    "alpha2": "YT",
    "alpha3": "MYT",
    "capital": "Mamoudzou",
    "region": "Africa",
    "currency": "EUR",
    "currencySymbol": "€",
    "phone": "+262",
    "flag": "🇾🇹"
  },
  {
    "name": "Saint Barthélemy",
    "alpha2": "BL",
    "alpha3": "BLM",
    "capital": "Gustavia",
    "region": "Americas",
    "currency": "EUR",
    "currencySymbol": "€",
    "phone": "+590",
    "flag": "🇧🇱"
  },
  {
    "name": "Vatican City",
    "alpha2": "VA",
    "alpha3": "VAT",
    "capital": "Vatican City",
    "region": "Europe",
    "currency": "EUR",
    "currencySymbol": "€",
    "phone": "+3906698",
    "flag": "🇻🇦"
  },
  {
    "name": "Turks and Caicos Islands",
    "alpha2": "TC",
    "alpha3": "TCA",
    "capital": "Cockburn Town",
    "region": "Americas",
    "currency": "USD",
    "currencySymbol": "$",
    "phone": "+1649",
    "flag": "🇹🇨"
  },
  {
    "name": "Curaçao",
    "alpha2": "CW",
    "alpha3": "CUW",
    "capital": "Willemstad",
    "region": "Americas",
    "currency": "ANG",
    "currencySymbol": "",
    "phone": "+599",
    "flag": "🇨🇼"
  },
  {
    "name": "Botswana",
    "alpha2": "BW",
    "alpha3": "BWA",
    "capital": "Gaborone",
    "region": "Africa",
    "currency": "BWP",
    "currencySymbol": "",
    "phone": "+267",
    "flag": "🇧🇼"
  },
  {
    "name": "Benin",
    "alpha2": "BJ",
    "alpha3": "BEN",
    "capital": "Porto-Novo",
    "region": "Africa",
    "currency": "XOF",
    "currencySymbol": "",
    "phone": "+229",
    "flag": "🇧🇯"
  },
  {
    "name": "Lithuania",
    "alpha2": "LT",
    "alpha3": "LTU",
    "capital": "Vilnius",
    "region": "Europe",
    "currency": "EUR",
    "currencySymbol": "€",
    "phone": "+370",
    "flag": "🇱🇹"
  },
  {
    "name": "Montserrat",
    "alpha2": "MS",
    "alpha3": "MSR",
    "capital": "Plymouth",
    "region": "Americas",
    "currency": "XCD",
    "currencySymbol": "",
    "phone": "+1664",
    "flag": "🇲🇸"
  },
  {
    "name": "British Virgin Islands",
    "alpha2": "VG",
    "alpha3": "VGB",
    "capital": "Road Town",
    "region": "Americas",
    "currency": "USD",
    "currencySymbol": "$",
    "phone": "+1284",
    "flag": "🇻🇬"
  },
  {
    "name": "Burundi",
    "alpha2": "BI",
    "alpha3": "BDI",
    "capital": "Gitega",
    "region": "Africa",
    "currency": "BIF",
    "currencySymbol": "",
    "phone": "+257",
    "flag": "🇧🇮"
  },
  {
    "name": "United States Minor Outlying Islands",
    "alpha2": "UM",
    "alpha3": "UMI",
    "capital": "Washington DC",
    "region": "Americas",
    "currency": "USD",
    "currencySymbol": "$",
    "phone": "+268",
    "flag": "🇺🇲"
  },
  {
    "name": "Ireland",
    "alpha2": "IE",
    "alpha3": "IRL",
    "capital": "Dublin",
    "region": "Europe",
    "currency": "EUR",
    "currencySymbol": "€",
    "phone": "+353",
    "flag": "🇮🇪"
  },
  {
    "name": "Solomon Islands",
    "alpha2": "SB",
    "alpha3": "SLB",
    "capital": "Honiara",
    "region": "Oceania",
    "currency": "SBD",
    "currencySymbol": "",
    "phone": "+677",
    "flag": "🇸🇧"
  },
  {
    "name": "Bermuda",
    "alpha2": "BM",
    "alpha3": "BMU",
    "capital": "Hamilton",
    "region": "Americas",
    "currency": "BMD",
    "currencySymbol": "",
    "phone": "+1441",
    "flag": "🇧🇲"
  },
  {
    "name": "Finland",
    "alpha2": "FI",
    "alpha3": "FIN",
    "capital": "Helsinki",
    "region": "Europe",
    "currency": "EUR",
    "currencySymbol": "€",
    "phone": "+358",
    "flag": "🇫🇮"
  },
  {
    "name": "Peru",
    "alpha2": "PE",
    "alpha3": "PER",
    "capital": "Lima",
    "region": "Americas",
    "currency": "PEN",
    "currencySymbol": "",
    "phone": "+51",
    "flag": "🇵🇪"
  },
  {
    "name": "Bangladesh",
    "alpha2": "BD",
    "alpha3": "BGD",
    "capital": "Dhaka",
    "region": "Asia",
    "currency": "BDT",
    "currencySymbol": "",
    "phone": "+880",
    "flag": "🇧🇩"
  },
  {
    "name": "Denmark",
    "alpha2": "DK",
    "alpha3": "DNK",
    "capital": "Copenhagen",
    "region": "Europe",
    "currency": "DKK",
    "currencySymbol": "",
    "phone": "+45",
    "flag": "🇩🇰"
  },
  {
    "name": "Saint Vincent and the Grenadines",
    "alpha2": "VC",
    "alpha3": "VCT",
    "capital": "Kingstown",
    "region": "Americas",
    "currency": "XCD",
    "currencySymbol": "",
    "phone": "+1784",
    "flag": "🇻🇨"
  },
  {
    "name": "Dominican Republic",
    "alpha2": "DO",
    "alpha3": "DOM",
    "capital": "Santo Domingo",
    "region": "Americas",
    "currency": "DOP",
    "currencySymbol": "",
    "phone": "+1809",
    "flag": "🇩🇴"
  },
  {
    "name": "Moldova",
    "alpha2": "MD",
    "alpha3": "MDA",
    "capital": "Chișinău",
    "region": "Europe",
    "currency": "MDL",
    "currencySymbol": "",
    "phone": "+373",
    "flag": "🇲🇩"
  },
  {
    "name": "Bulgaria",
    "alpha2": "BG",
    "alpha3": "BGR",
    "capital": "Sofia",
    "region": "Europe",
    "currency": "BGN",
    "currencySymbol": "",
    "phone": "+359",
    "flag": "🇧🇬"
  },
  {
    "name": "Costa Rica",
    "alpha2": "CR",
    "alpha3": "CRI",
    "capital": "San José",
    "region": "Americas",
    "currency": "CRC",
    "currencySymbol": "",
    "phone": "+506",
    "flag": "🇨🇷"
  },
  {
    "name": "Namibia",
    "alpha2": "NA",
    "alpha3": "NAM",
    "capital": "Windhoek",
    "region": "Africa",
    "currency": "NAD",
    "currencySymbol": "",
    "phone": "+264",
    "flag": "🇳🇦"
  },
  {
    "name": "Svalbard and Jan Mayen",
    "alpha2": "SJ",
    "alpha3": "SJM",
    "capital": "Longyearbyen",
    "region": "Europe",
    "currency": "NOK",
    "currencySymbol": "",
    "phone": "+4779",
    "flag": "🇸🇯"
  },
  {
    "name": "Luxembourg",
    "alpha2": "LU",
    "alpha3": "LUX",
    "capital": "Luxembourg",
    "region": "Europe",
    "currency": "EUR",
    "currencySymbol": "€",
    "phone": "+352",
    "flag": "🇱🇺"
  },
  {
    "name": "Russia",
    "alpha2": "RU",
    "alpha3": "RUS",
    "capital": "Moscow",
    "region": "Europe",
    "currency": "RUB",
    "currencySymbol": "",
    "phone": "+73",
    "flag": "🇷🇺"
  },
  {
    "name": "United Arab Emirates",
    "alpha2": "AE",
    "alpha3": "ARE",
    "capital": "Abu Dhabi",
    "region": "Asia",
    "currency": "AED",
    "currencySymbol": "",
    "phone": "+971",
    "flag": "🇦🇪"
  },
  {
    "name": "Sint Maarten",
    "alpha2": "SX",
    "alpha3": "SXM",
    "capital": "Philipsburg",
    "region": "Americas",
    "currency": "ANG",
    "currencySymbol": "",
    "phone": "+1721",
    "flag": "🇸🇽"
  },
  {
    "name": "Bahamas",
    "alpha2": "BS",
    "alpha3": "BHS",
    "capital": "Nassau",
    "region": "Americas",
    "currency": "BSD",
    "currencySymbol": "",
    "phone": "+1242",
    "flag": "🇧🇸"
  },
  {
    "name": "Japan",
    "alpha2": "JP",
    "alpha3": "JPN",
    "capital": "Tokyo",
    "region": "Asia",
    "currency": "JPY",
    "currencySymbol": "¥",
    "phone": "+81",
    "flag": "🇯🇵"
  },
  {
    "name": "Nigeria",
    "alpha2": "NG",
    "alpha3": "NGA",
    "capital": "Abuja",
    "region": "Africa",
    "currency": "NGN",
    "currencySymbol": "",
    "phone": "+234",
    "flag": "🇳🇬"
  },
  {
    "name": "Ghana",
    "alpha2": "GH",
    "alpha3": "GHA",
    "capital": "Accra",
    "region": "Africa",
    "currency": "GHS",
    "currencySymbol": "",
    "phone": "+233",
    "flag": "🇬🇭"
  },
  {
    "name": "Sierra Leone",
    "alpha2": "SL",
    "alpha3": "SLE",
    "capital": "Freetown",
    "region": "Africa",
    "currency": "SLE",
    "currencySymbol": "",
    "phone": "+232",
    "flag": "🇸🇱"
  },
  {
    "name": "Saint Pierre and Miquelon",
    "alpha2": "PM",
    "alpha3": "SPM",
    "capital": "Saint-Pierre",
    "region": "Americas",
    "currency": "EUR",
    "currencySymbol": "€",
    "phone": "+508",
    "flag": "🇵🇲"
  },
  {
    "name": "Albania",
    "alpha2": "AL",
    "alpha3": "ALB",
    "capital": "Tirana",
    "region": "Europe",
    "currency": "ALL",
    "currencySymbol": "",
    "phone": "+355",
    "flag": "🇦🇱"
  },
  {
    "name": "Tokelau",
    "alpha2": "TK",
    "alpha3": "TKL",
    "capital": "Fakaofo",
    "region": "Oceania",
    "currency": "NZD",
    "currencySymbol": "",
    "phone": "+690",
    "flag": "🇹🇰"
  },
  {
    "name": "Saint Helena, Ascension and Tristan da Cunha",
    "alpha2": "SH",
    "alpha3": "SHN",
    "capital": "Jamestown",
    "region": "Africa",
    "currency": "GBP",
    "currencySymbol": "£",
    "phone": "+290",
    "flag": "🇸🇭"
  },
  {
    "name": "Tonga",
    "alpha2": "TO",
    "alpha3": "TON",
    "capital": "Nuku'alofa",
    "region": "Oceania",
    "currency": "TOP",
    "currencySymbol": "",
    "phone": "+676",
    "flag": "🇹🇴"
  },
  {
    "name": "Turkmenistan",
    "alpha2": "TM",
    "alpha3": "TKM",
    "capital": "Ashgabat",
    "region": "Asia",
    "currency": "TMT",
    "currencySymbol": "",
    "phone": "+993",
    "flag": "🇹🇲"
  },
  {
    "name": "Djibouti",
    "alpha2": "DJ",
    "alpha3": "DJI",
    "capital": "Djibouti",
    "region": "Africa",
    "currency": "DJF",
    "currencySymbol": "",
    "phone": "+253",
    "flag": "🇩🇯"
  },
  {
    "name": "Central African Republic",
    "alpha2": "CF",
    "alpha3": "CAF",
    "capital": "Bangui",
    "region": "Africa",
    "currency": "XAF",
    "currencySymbol": "",
    "phone": "+236",
    "flag": "🇨🇫"
  },
  {
    "name": "Lebanon",
    "alpha2": "LB",
    "alpha3": "LBN",
    "capital": "Beirut",
    "region": "Asia",
    "currency": "LBP",
    "currencySymbol": "",
    "phone": "+961",
    "flag": "🇱🇧"
  },
  {
    "name": "Latvia",
    "alpha2": "LV",
    "alpha3": "LVA",
    "capital": "Riga",
    "region": "Europe",
    "currency": "EUR",
    "currencySymbol": "€",
    "phone": "+371",
    "flag": "🇱🇻"
  },
  {
    "name": "Cocos (Keeling) Islands",
    "alpha2": "CC",
    "alpha3": "CCK",
    "capital": "West Island",
    "region": "Oceania",
    "currency": "AUD",
    "currencySymbol": "",
    "phone": "+61",
    "flag": "🇨🇨"
  },
  {
    "name": "Gambia",
    "alpha2": "GM",
    "alpha3": "GMB",
    "capital": "Banjul",
    "region": "Africa",
    "currency": "GMD",
    "currencySymbol": "",
    "phone": "+220",
    "flag": "🇬🇲"
  },
  {
    "name": "Honduras",
    "alpha2": "HN",
    "alpha3": "HND",
    "capital": "Tegucigalpa",
    "region": "Americas",
    "currency": "HNL",
    "currencySymbol": "",
    "phone": "+504",
    "flag": "🇭🇳"
  },
  {
    "name": "Niue",
    "alpha2": "NU",
    "alpha3": "NIU",
    "capital": "Alofi",
    "region": "Oceania",
    "currency": "NZD",
    "currencySymbol": "",
    "phone": "+683",
    "flag": "🇳🇺"
  },
  {
    "name": "Mauritania",
    "alpha2": "MR",
    "alpha3": "MRT",
    "capital": "Nouakchott",
    "region": "Africa",
    "currency": "MRU",
    "currencySymbol": "",
    "phone": "+222",
    "flag": "🇲🇷"
  },
  {
    "name": "Kosovo",
    "alpha2": "XK",
    "alpha3": "UNK",
    "capital": "Pristina",
    "region": "Europe",
    "currency": "EUR",
    "currencySymbol": "€",
    "phone": "+383",
    "flag": "🇽🇰"
  },
  {
    "name": "Wallis and Futuna",
    "alpha2": "WF",
    "alpha3": "WLF",
    "capital": "Mata-Utu",
    "region": "Oceania",
    "currency": "XPF",
    "currencySymbol": "",
    "phone": "+681",
    "flag": "🇼🇫"
  },
  {
    "name": "South Georgia",
    "alpha2": "GS",
    "alpha3": "SGS",
    "capital": "King Edward Point",
    "region": "Antarctic",
    "currency": "GBP",
    "currencySymbol": "£",
    "phone": "+500",
    "flag": "🇬🇸"
  },
  {
    "name": "French Polynesia",
    "alpha2": "PF",
    "alpha3": "PYF",
    "capital": "Papeetē",
    "region": "Oceania",
    "currency": "XPF",
    "currencySymbol": "",
    "phone": "+689",
    "flag": "🇵🇫"
  },
  {
    "name": "Togo",
    "alpha2": "TG",
    "alpha3": "TGO",
    "capital": "Lomé",
    "region": "Africa",
    "currency": "XOF",
    "currencySymbol": "",
    "phone": "+228",
    "flag": "🇹🇬"
  },
  {
    "name": "Belgium",
    "alpha2": "BE",
    "alpha3": "BEL",
    "capital": "Brussels",
    "region": "Europe",
    "currency": "EUR",
    "currencySymbol": "€",
    "phone": "+32",
    "flag": "🇧🇪"
  },
  {
    "name": "Zambia",
    "alpha2": "ZM",
    "alpha3": "ZMB",
    "capital": "Lusaka",
    "region": "Africa",
    "currency": "ZMW",
    "currencySymbol": "",
    "phone": "+260",
    "flag": "🇿🇲"
  },
  {
    "name": "Cayman Islands",
    "alpha2": "KY",
    "alpha3": "CYM",
    "capital": "George Town",
    "region": "Americas",
    "currency": "KYD",
    "currencySymbol": "",
    "phone": "+1345",
    "flag": "🇰🇾"
  },
  {
    "name": "Pitcairn Islands",
    "alpha2": "PN",
    "alpha3": "PCN",
    "capital": "Adamstown",
    "region": "Oceania",
    "currency": "NZD",
    "currencySymbol": "",
    "phone": "+64",
    "flag": "🇵🇳"
  },
  {
    "name": "Cook Islands",
    "alpha2": "CK",
    "alpha3": "COK",
    "capital": "Avarua",
    "region": "Oceania",
    "currency": "CKD",
    "currencySymbol": "",
    "phone": "+682",
    "flag": "🇨🇰"
  },
  {
    "name": "Madagascar",
    "alpha2": "MG",
    "alpha3": "MDG",
    "capital": "Antananarivo",
    "region": "Africa",
    "currency": "MGA",
    "currencySymbol": "",
    "phone": "+261",
    "flag": "🇲🇬"
  },
  {
    "name": "Montenegro",
    "alpha2": "ME",
    "alpha3": "MNE",
    "capital": "Podgorica",
    "region": "Europe",
    "currency": "EUR",
    "currencySymbol": "€",
    "phone": "+382",
    "flag": "🇲🇪"
  },
  {
    "name": "South Korea",
    "alpha2": "KR",
    "alpha3": "KOR",
    "capital": "Seoul",
    "region": "Asia",
    "currency": "KRW",
    "currencySymbol": "",
    "phone": "+82",
    "flag": "🇰🇷"
  },
  {
    "name": "Ethiopia",
    "alpha2": "ET",
    "alpha3": "ETH",
    "capital": "Addis Ababa",
    "region": "Africa",
    "currency": "ETB",
    "currencySymbol": "Br",
    "phone": "+251",
    "flag": "🇪🇹"
  },
  {
    "name": "Mongolia",
    "alpha2": "MN",
    "alpha3": "MNG",
    "capital": "Ulan Bator",
    "region": "Asia",
    "currency": "MNT",
    "currencySymbol": "",
    "phone": "+976",
    "flag": "🇲🇳"
  },
  {
    "name": "Slovakia",
    "alpha2": "SK",
    "alpha3": "SVK",
    "capital": "Bratislava",
    "region": "Europe",
    "currency": "EUR",
    "currencySymbol": "€",
    "phone": "+421",
    "flag": "🇸🇰"
  },
  {
    "name": "Cuba",
    "alpha2": "CU",
    "alpha3": "CUB",
    "capital": "Havana",
    "region": "Americas",
    "currency": "CUC",
    "currencySymbol": "",
    "phone": "+53",
    "flag": "🇨🇺"
  },
  {
    "name": "Antarctica",
    "alpha2": "AQ",
    "alpha3": "ATA",
    "region": "Antarctic",
    "currencySymbol": "",
    "phone": "",
    "flag": "🇦🇶"
  },
  {
    "name": "Guatemala",
    "alpha2": "GT",
    "alpha3": "GTM",
    "capital": "Guatemala City",
    "region": "Americas",
    "currency": "GTQ",
    "currencySymbol": "",
    "phone": "+502",
    "flag": "🇬🇹"
  },
  {
    "name": "French Guiana",
    "alpha2": "GF",
    "alpha3": "GUF",
    "capital": "Cayenne",
    "region": "Americas",
    "currency": "EUR",
    "currencySymbol": "€",
    "phone": "+594",
    "flag": "🇬🇫"
  },
  {
    "name": "Norway",
    "alpha2": "NO",
    "alpha3": "NOR",
    "capital": "Oslo",
    "region": "Europe",
    "currency": "NOK",
    "currencySymbol": "",
    "phone": "+47",
    "flag": "🇳🇴"
  },
  {
    "name": "Grenada",
    "alpha2": "GD",
    "alpha3": "GRD",
    "capital": "St. George's",
    "region": "Americas",
    "currency": "XCD",
    "currencySymbol": "",
    "phone": "+1473",
    "flag": "🇬🇩"
  },
  {
    "name": "Réunion",
    "alpha2": "RE",
    "alpha3": "REU",
    "capital": "Saint-Denis",
    "region": "Africa",
    "currency": "EUR",
    "currencySymbol": "€",
    "phone": "+262",
    "flag": "🇷🇪"
  },
  {
    "name": "Chile",
    "alpha2": "CL",
    "alpha3": "CHL",
    "capital": "Santiago",
    "region": "Americas",
    "currency": "CLP",
    "currencySymbol": "",
    "phone": "+56",
    "flag": "🇨🇱"
  },
  {
    "name": "Colombia",
    "alpha2": "CO",
    "alpha3": "COL",
    "capital": "Bogotá",
    "region": "Americas",
    "currency": "COP",
    "currencySymbol": "",
    "phone": "+57",
    "flag": "🇨🇴"
  },
  {
    "name": "Saudi Arabia",
    "alpha2": "SA",
    "alpha3": "SAU",
    "capital": "Riyadh",
    "region": "Asia",
    "currency": "SAR",
    "currencySymbol": "",
    "phone": "+966",
    "flag": "🇸🇦"
  },
  {
    "name": "Israel",
    "alpha2": "IL",
    "alpha3": "ISR",
    "capital": "Jerusalem",
    "region": "Asia",
    "currency": "ILS",
    "currencySymbol": "",
    "phone": "+972",
    "flag": "🇮🇱"
  },
  {
    "name": "Germany",
    "alpha2": "DE",
    "alpha3": "DEU",
    "capital": "Berlin",
    "region": "Europe",
    "currency": "EUR",
    "currencySymbol": "€",
    "phone": "+49",
    "flag": "🇩🇪"
  },
  {
    "name": "New Zealand",
    "alpha2": "NZ",
    "alpha3": "NZL",
    "capital": "Wellington",
    "region": "Oceania",
    "currency": "NZD",
    "currencySymbol": "",
    "phone": "+64",
    "flag": "🇳🇿"
  },
  {
    "name": "Greenland",
    "alpha2": "GL",
    "alpha3": "GRL",
    "capital": "Nuuk",
    "region": "Americas",
    "currency": "DKK",
    "currencySymbol": "",
    "phone": "+299",
    "flag": "🇬🇱"
  },
  {
    "name": "Kyrgyzstan",
    "alpha2": "KG",
    "alpha3": "KGZ",
    "capital": "Bishkek",
    "region": "Asia",
    "currency": "KGS",
    "currencySymbol": "",
    "phone": "+996",
    "flag": "🇰🇬"
  },
  {
    "name": "El Salvador",
    "alpha2": "SV",
    "alpha3": "SLV",
    "capital": "San Salvador",
    "region": "Americas",
    "currency": "USD",
    "currencySymbol": "$",
    "phone": "+503",
    "flag": "🇸🇻"
  },
  {
    "name": "Faroe Islands",
    "alpha2": "FO",
    "alpha3": "FRO",
    "capital": "Tórshavn",
    "region": "Europe",
    "currency": "DKK",
    "currencySymbol": "",
    "phone": "+298",
    "flag": "🇫🇴"
  },
  {
    "name": "Palau",
    "alpha2": "PW",
    "alpha3": "PLW",
    "capital": "Ngerulmud",
    "region": "Oceania",
    "currency": "USD",
    "currencySymbol": "$",
    "phone": "+680",
    "flag": "🇵🇼"
  },
  {
    "name": "Malta",
    "alpha2": "MT",
    "alpha3": "MLT",
    "capital": "Valletta",
    "region": "Europe",
    "currency": "EUR",
    "currencySymbol": "€",
    "phone": "+356",
    "flag": "🇲🇹"
  },
  {
    "name": "Syria",
    "alpha2": "SY",
    "alpha3": "SYR",
    "capital": "Damascus",
    "region": "Asia",
    "currency": "SYP",
    "currencySymbol": "",
    "phone": "+963",
    "flag": "🇸🇾"
  },
  {
    "name": "Timor-Leste",
    "alpha2": "TL",
    "alpha3": "TLS",
    "capital": "Dili",
    "region": "Asia",
    "currency": "USD",
    "currencySymbol": "$",
    "phone": "+670",
    "flag": "🇹🇱"
  },
  {
    "name": "Croatia",
    "alpha2": "HR",
    "alpha3": "HRV",
    "capital": "Zagreb",
    "region": "Europe",
    "currency": "EUR",
    "currencySymbol": "€",
    "phone": "+385",
    "flag": "🇭🇷"
  },
  {
    "name": "Papua New Guinea",
    "alpha2": "PG",
    "alpha3": "PNG",
    "capital": "Port Moresby",
    "region": "Oceania",
    "currency": "PGK",
    "currencySymbol": "",
    "phone": "+675",
    "flag": "🇵🇬"
  },
  {
    "name": "Netherlands",
    "alpha2": "NL",
    "alpha3": "NLD",
    "capital": "Amsterdam",
    "region": "Europe",
    "currency": "EUR",
    "currencySymbol": "€",
    "phone": "+31",
    "flag": "🇳🇱"
  },
  {
    "name": "Liberia",
    "alpha2": "LR",
    "alpha3": "LBR",
    "capital": "Monrovia",
    "region": "Africa",
    "currency": "LRD",
    "currencySymbol": "",
    "phone": "+231",
    "flag": "🇱🇷"
  },
  {
    "name": "Somalia",
    "alpha2": "SO",
    "alpha3": "SOM",
    "capital": "Mogadishu",
    "region": "Africa",
    "currency": "SOS",
    "currencySymbol": "",
    "phone": "+252",
    "flag": "🇸🇴"
  },
  {
    "name": "Venezuela",
    "alpha2": "VE",
    "alpha3": "VEN",
    "capital": "Caracas",
    "region": "Americas",
    "currency": "VES",
    "currencySymbol": "",
    "phone": "+58",
    "flag": "🇻🇪"
  },
  {
    "name": "Haiti",
    "alpha2": "HT",
    "alpha3": "HTI",
    "capital": "Port-au-Prince",
    "region": "Americas",
    "currency": "HTG",
    "currencySymbol": "",
    "phone": "+509",
    "flag": "🇭🇹"
  },
  {
    "name": "Algeria",
    "alpha2": "DZ",
    "alpha3": "DZA",
    "capital": "Algiers",
    "region": "Africa",
    "currency": "DZD",
    "currencySymbol": "",
    "phone": "+213",
    "flag": "🇩🇿"
  },
  {
    "name": "Northern Mariana Islands",
    "alpha2": "MP",
    "alpha3": "MNP",
    "capital": "Saipan",
    "region": "Oceania",
    "currency": "USD",
    "currencySymbol": "$",
    "phone": "+1670",
    "flag": "🇲🇵"
  },
  {
    "name": "Saint Martin",
    "alpha2": "MF",
    "alpha3": "MAF",
    "capital": "Marigot",
    "region": "Americas",
    "currency": "EUR",
    "currencySymbol": "€",
    "phone": "+590",
    "flag": "🇲🇫"
  },
  {
    "name": "Heard Island and McDonald Islands",
    "alpha2": "HM",
    "alpha3": "HMD",
    "region": "Antarctic",
    "currencySymbol": "",
    "phone": "",
    "flag": "🇭🇲"
  },
  {
    "name": "Aruba",
    "alpha2": "AW",
    "alpha3": "ABW",
    "capital": "Oranjestad",
    "region": "Americas",
    "currency": "AWG",
    "currencySymbol": "",
    "phone": "+297",
    "flag": "🇦🇼"
  },
  {
    "name": "Egypt",
    "alpha2": "EG",
    "alpha3": "EGY",
    "capital": "Cairo",
    "region": "Africa",
    "currency": "EGP",
    "currencySymbol": "",
    "phone": "+20",
    "flag": "🇪🇬"
  },
  {
    "name": "Malawi",
    "alpha2": "MW",
    "alpha3": "MWI",
    "capital": "Lilongwe",
    "region": "Africa",
    "currency": "MWK",
    "currencySymbol": "",
    "phone": "+265",
    "flag": "🇲🇼"
  },
  {
    "name": "Equatorial Guinea",
    "alpha2": "GQ",
    "alpha3": "GNQ",
    "capital": "Malabo",
    "region": "Africa",
    "currency": "XAF",
    "currencySymbol": "",
    "phone": "+240",
    "flag": "🇬🇶"
  },
  {
    "name": "United States Virgin Islands",
    "alpha2": "VI",
    "alpha3": "VIR",
    "capital": "Charlotte Amalie",
    "region": "Americas",
    "currency": "USD",
    "currencySymbol": "$",
    "phone": "+1340",
    "flag": "🇻🇮"
  },
  {
    "name": "Ecuador",
    "alpha2": "EC",
    "alpha3": "ECU",
    "capital": "Quito",
    "region": "Americas",
    "currency": "USD",
    "currencySymbol": "$",
    "phone": "+593",
    "flag": "🇪🇨"
  },
  {
    "name": "Uzbekistan",
    "alpha2": "UZ",
    "alpha3": "UZB",
    "capital": "Tashkent",
    "region": "Asia",
    "currency": "UZS",
    "currencySymbol": "",
    "phone": "+998",
    "flag": "🇺🇿"
  },
  {
    "name": "Gabon",
    "alpha2": "GA",
    "alpha3": "GAB",
    "capital": "Libreville",
    "region": "Africa",
    "currency": "XAF",
    "currencySymbol": "",
    "phone": "+241",
    "flag": "🇬🇦"
  },
  {
    "name": "South Sudan",
    "alpha2": "SS",
    "alpha3": "SSD",
    "capital": "Juba",
    "region": "Africa",
    "currency": "SSP",
    "currencySymbol": "",
    "phone": "+211",
    "flag": "🇸🇸"
  },
  {
    "name": "Iran",
    "alpha2": "IR",
    "alpha3": "IRN",
    "capital": "Tehran",
    "region": "Asia",
    "currency": "IRR",
    "currencySymbol": "",
    "phone": "+98",
    "flag": "🇮🇷"
  },
  {
    "name": "Kazakhstan",
    "alpha2": "KZ",
    "alpha3": "KAZ",
    "capital": "Astana",
    "region": "Asia",
    "currency": "KZT",
    "currencySymbol": "",
    "phone": "+76",
    "flag": "🇰🇿"
  },
  {
    "name": "Nicaragua",
    "alpha2": "NI",
    "alpha3": "NIC",
    "capital": "Managua",
    "region": "Americas",
    "currency": "NIO",
    "currencySymbol": "",
    "phone": "+505",
    "flag": "🇳🇮"
  },
  {
    "name": "Iceland",
    "alpha2": "IS",
    "alpha3": "ISL",
    "capital": "Reykjavik",
    "region": "Europe",
    "currency": "ISK",
    "currencySymbol": "",
    "phone": "+354",
    "flag": "🇮🇸"
  },
  {
    "name": "Slovenia",
    "alpha2": "SI",
    "alpha3": "SVN",
    "capital": "Ljubljana",
    "region": "Europe",
    "currency": "EUR",
    "currencySymbol": "€",
    "phone": "+386",
    "flag": "🇸🇮"
  },
  {
    "name": "Guadeloupe",
    "alpha2": "GP",
    "alpha3": "GLP",
    "capital": "Basse-Terre",
    "region": "Americas",
    "currency": "EUR",
    "currencySymbol": "€",
    "phone": "+590",
    "flag": "🇬🇵"
  },
  {
    "name": "Cameroon",
    "alpha2": "CM",
    "alpha3": "CMR",
    "capital": "Yaoundé",
    "region": "Africa",
    "currency": "XAF",
    "currencySymbol": "",
    "phone": "+237",
    "flag": "🇨🇲"
  },
  {
    "name": "Argentina",
    "alpha2": "AR",
    "alpha3": "ARG",
    "capital": "Buenos Aires",
    "region": "Americas",
    "currency": "ARS",
    "currencySymbol": "",
    "phone": "+54",
    "flag": "🇦🇷"
  },
  {
    "name": "Azerbaijan",
    "alpha2": "AZ",
    "alpha3": "AZE",
    "capital": "Baku",
    "region": "Asia",
    "currency": "AZN",
    "currencySymbol": "",
    "phone": "+994",
    "flag": "🇦🇿"
  },
  {
    "name": "Uganda",
    "alpha2": "UG",
    "alpha3": "UGA",
    "capital": "Kampala",
    "region": "Africa",
    "currency": "UGX",
    "currencySymbol": "",
    "phone": "+256",
    "flag": "🇺🇬"
  },
  {
    "name": "Niger",
    "alpha2": "NE",
    "alpha3": "NER",
    "capital": "Niamey",
    "region": "Africa",
    "currency": "XOF",
    "currencySymbol": "",
    "phone": "+227",
    "flag": "🇳🇪"
  },
  {
    "name": "Christmas Island",
    "alpha2": "CX",
    "alpha3": "CXR",
    "capital": "Flying Fish Cove",
    "region": "Oceania",
    "currency": "AUD",
    "currencySymbol": "",
    "phone": "+61",
    "flag": "🇨🇽"
  },
  {
    "name": "Myanmar",
    "alpha2": "MM",
    "alpha3": "MMR",
    "capital": "Naypyidaw",
    "region": "Asia",
    "currency": "MMK",
    "currencySymbol": "",
    "phone": "+95",
    "flag": "🇲🇲"
  },
  {
    "name": "Poland",
    "alpha2": "PL",
    "alpha3": "POL",
    "capital": "Warsaw",
    "region": "Europe",
    "currency": "PLN",
    "currencySymbol": "",
    "phone": "+48",
    "flag": "🇵🇱"
  },
  {
    "name": "Jordan",
    "alpha2": "JO",
    "alpha3": "JOR",
    "capital": "Amman",
    "region": "Asia",
    "currency": "JOD",
    "currencySymbol": "",
    "phone": "+962",
    "flag": "🇯🇴"
  },
  {
    "name": "Hong Kong",
    "alpha2": "HK",
    "alpha3": "HKG",
    "capital": "City of Victoria",
    "region": "Asia",
    "currency": "HKD",
    "currencySymbol": "",
    "phone": "+852",
    "flag": "🇭🇰"
  },
  {
    "name": "DR Congo",
    "alpha2": "CD",
    "alpha3": "COD",
    "capital": "Kinshasa",
    "region": "Africa",
    "currency": "CDF",
    "currencySymbol": "",
    "phone": "+243",
    "flag": "🇨🇩"
  },
  {
    "name": "Eritrea",
    "alpha2": "ER",
    "alpha3": "ERI",
    "capital": "Asmara",
    "region": "Africa",
    "currency": "ERN",
    "currencySymbol": "",
    "phone": "+291",
    "flag": "🇪🇷"
  },
  {
    "name": "Kiribati",
    "alpha2": "KI",
    "alpha3": "KIR",
    "capital": "South Tarawa",
    "region": "Oceania",
    "currency": "AUD",
    "currencySymbol": "",
    "phone": "+686",
    "flag": "🇰🇮"
  },
  {
    "name": "Marshall Islands",
    "alpha2": "MH",
    "alpha3": "MHL",
    "capital": "Majuro",
    "region": "Oceania",
    "currency": "USD",
    "currencySymbol": "$",
    "phone": "+692",
    "flag": "🇲🇭"
  },
  {
    "name": "Burkina Faso",
    "alpha2": "BF",
    "alpha3": "BFA",
    "capital": "Ouagadougou",
    "region": "Africa",
    "currency": "XOF",
    "currencySymbol": "",
    "phone": "+226",
    "flag": "🇧🇫"
  },
  {
    "name": "Zimbabwe",
    "alpha2": "ZW",
    "alpha3": "ZWE",
    "capital": "Harare",
    "region": "Africa",
    "currency": "ZWL",
    "currencySymbol": "",
    "phone": "+263",
    "flag": "🇿🇼"
  },
  {
    "name": "Kenya",
    "alpha2": "KE",
    "alpha3": "KEN",
    "capital": "Nairobi",
    "region": "Africa",
    "currency": "KES",
    "currencySymbol": "",
    "phone": "+254",
    "flag": "🇰🇪"
  },
  {
    "name": "Comoros",
    "alpha2": "KM",
    "alpha3": "COM",
    "capital": "Moroni",
    "region": "Africa",
    "currency": "KMF",
    "currencySymbol": "",
    "phone": "+269",
    "flag": "🇰🇲"
  },
  {
    "name": "Gibraltar",
    "alpha2": "GI",
    "alpha3": "GIB",
    "capital": "Gibraltar",
    "region": "Europe",
    "currency": "GIP",
    "currencySymbol": "",
    "phone": "+350",
    "flag": "🇬🇮"
  },
  {
    "name": "Brunei",
    "alpha2": "BN",
    "alpha3": "BRN",
    "capital": "Bandar Seri Begawan",
    "region": "Asia",
    "currency": "BND",
    "currencySymbol": "",
    "phone": "+673",
    "flag": "🇧🇳"
  },
  {
    "name": "Sweden",
    "alpha2": "SE",
    "alpha3": "SWE",
    "capital": "Stockholm",
    "region": "Europe",
    "currency": "SEK",
    "currencySymbol": "",
    "phone": "+46",
    "flag": "🇸🇪"
  },
  {
    "name": "Lesotho",
    "alpha2": "LS",
    "alpha3": "LSO",
    "capital": "Maseru",
    "region": "Africa",
    "currency": "LSL",
    "currencySymbol": "",
    "phone": "+266",
    "flag": "🇱🇸"
  },
  {
    "name": "Isle of Man",
    "alpha2": "IM",
    "alpha3": "IMN",
    "capital": "Douglas",
    "region": "Europe",
    "currency": "GBP",
    "currencySymbol": "£",
    "phone": "+44",
    "flag": "🇮🇲"
  },
  {
    "name": "Micronesia",
    "alpha2": "FM",
    "alpha3": "FSM",
    "capital": "Palikir",
    "region": "Oceania",
    "currency": "USD",
    "currencySymbol": "$",
    "phone": "+691",
    "flag": "🇫🇲"
  },
  {
    "name": "Tanzania",
    "alpha2": "TZ",
    "alpha3": "TZA",
    "capital": "Dodoma",
    "region": "Africa",
    "currency": "TZS",
    "currencySymbol": "",
    "phone": "+255",
    "flag": "🇹🇿"
  },
  {
    "name": "Cape Verde",
    "alpha2": "CV",
    "alpha3": "CPV",
    "capital": "Praia",
    "region": "Africa",
    "currency": "CVE",
    "currencySymbol": "",
    "phone": "+238",
    "flag": "🇨🇻"
  },
  {
    "name": "Afghanistan",
    "alpha2": "AF",
    "alpha3": "AFG",
    "capital": "Kabul",
    "region": "Asia",
    "currency": "AFN",
    "currencySymbol": "",
    "phone": "+93",
    "flag": "🇦🇫"
  },
  {
    "name": "Andorra",
    "alpha2": "AD",
    "alpha3": "AND",
    "capital": "Andorra la Vella",
    "region": "Europe",
    "currency": "EUR",
    "currencySymbol": "€",
    "phone": "+376",
    "flag": "🇦🇩"
  },
  {
    "name": "Greece",
    "alpha2": "GR",
    "alpha3": "GRC",
    "capital": "Athens",
    "region": "Europe",
    "currency": "EUR",
    "currencySymbol": "€",
    "phone": "+30",
    "flag": "🇬🇷"
  },
  {
    "name": "Vietnam",
    "alpha2": "VN",
    "alpha3": "VNM",
    "capital": "Hanoi",
    "region": "Asia",
    "currency": "VND",
    "currencySymbol": "",
    "phone": "+84",
    "flag": "🇻🇳"
  },
  {
    "name": "French Southern and Antarctic Lands",
    "alpha2": "TF",
    "alpha3": "ATF",
    "capital": "Port-aux-Français",
    "region": "Antarctic",
    "currency": "EUR",
    "currencySymbol": "€",
    "phone": "+262",
    "flag": "🇹🇫"
  },
  {
    "name": "Iraq",
    "alpha2": "IQ",
    "alpha3": "IRQ",
    "capital": "Baghdad",
    "region": "Asia",
    "currency": "IQD",
    "currencySymbol": "",
    "phone": "+964",
    "flag": "🇮🇶"
  },
  {
    "name": "Libya",
    "alpha2": "LY",
    "alpha3": "LBY",
    "capital": "Tripoli",
    "region": "Africa",
    "currency": "LYD",
    "currencySymbol": "",
    "phone": "+218",
    "flag": "🇱🇾"
  },
  {
    "name": "Portugal",
    "alpha2": "PT",
    "alpha3": "PRT",
    "capital": "Lisbon",
    "region": "Europe",
    "currency": "EUR",
    "currencySymbol": "€",
    "phone": "+351",
    "flag": "🇵🇹"
  },
  {
    "name": "Pakistan",
    "alpha2": "PK",
    "alpha3": "PAK",
    "capital": "Islamabad",
    "region": "Asia",
    "currency": "PKR",
    "currencySymbol": "",
    "phone": "+92",
    "flag": "🇵🇰"
  },
  {
    "name": "Maldives",
    "alpha2": "MV",
    "alpha3": "MDV",
    "capital": "Malé",
    "region": "Asia",
    "currency": "MVR",
    "currencySymbol": "",
    "phone": "+960",
    "flag": "🇲🇻"
  },
  {
    "name": "Morocco",
    "alpha2": "MA",
    "alpha3": "MAR",
    "capital": "Rabat",
    "region": "Africa",
    "currency": "MAD",
    "currencySymbol": "DH",
    "phone": "+212",
    "flag": "🇲🇦"
  },
  {
    "name": "Bosnia and Herzegovina",
    "alpha2": "BA",
    "alpha3": "BIH",
    "capital": "Sarajevo",
    "region": "Europe",
    "currency": "BAM",
    "currencySymbol": "",
    "phone": "+387",
    "flag": "🇧🇦"
  },
  {
    "name": "Samoa",
    "alpha2": "WS",
    "alpha3": "WSM",
    "capital": "Apia",
    "region": "Oceania",
    "currency": "WST",
    "currencySymbol": "",
    "phone": "+685",
    "flag": "🇼🇸"
  },
  {
    "name": "Palestine",
    "alpha2": "PS",
    "alpha3": "PSE",
    "capital": "Ramallah",
    "region": "Asia",
    "currency": "EGP",
    "currencySymbol": "",
    "phone": "+970",
    "flag": "🇵🇸"
  },
  {
    "name": "Oman",
    "alpha2": "OM",
    "alpha3": "OMN",
    "capital": "Muscat",
    "region": "Asia",
    "currency": "OMR",
    "currencySymbol": "",
    "phone": "+968",
    "flag": "🇴🇲"
  },
  {
    "name": "Bahrain",
    "alpha2": "BH",
    "alpha3": "BHR",
    "capital": "Manama",
    "region": "Asia",
    "currency": "BHD",
    "currencySymbol": "",
    "phone": "+973",
    "flag": "🇧🇭"
  },
  {
    "name": "United States",
    "alpha2": "US",
    "alpha3": "USA",
    "capital": "Washington, D.C.",
    "region": "Americas",
    "currency": "USD",
    "currencySymbol": "$",
    "phone": "+1201",
    "flag": "🇺🇸"
  },
  {
    "name": "Puerto Rico",
    "alpha2": "PR",
    "alpha3": "PRI",
    "capital": "San Juan",
    "region": "Americas",
    "currency": "USD",
    "currencySymbol": "$",
    "phone": "+1787",
    "flag": "🇵🇷"
  },
  {
    "name": "British Indian Ocean Territory",
    "alpha2": "IO",
    "alpha3": "IOT",
    "capital": "Diego Garcia",
    "region": "Africa",
    "currency": "USD",
    "currencySymbol": "$",
    "phone": "+246",
    "flag": "🇮🇴"
  },
  {
    "name": "Jersey",
    "alpha2": "JE",
    "alpha3": "JEY",
    "capital": "Saint Helier",
    "region": "Europe",
    "currency": "GBP",
    "currencySymbol": "£",
    "phone": "+44",
    "flag": "🇯🇪"
  },
  {
    "name": "North Macedonia",
    "alpha2": "MK",
    "alpha3": "MKD",
    "capital": "Skopje",
    "region": "Europe",
    "currency": "MKD",
    "currencySymbol": "",
    "phone": "+389",
    "flag": "🇲🇰"
  },
  {
    "name": "Tunisia",
    "alpha2": "TN",
    "alpha3": "TUN",
    "capital": "Tunis",
    "region": "Africa",
    "currency": "TND",
    "currencySymbol": "",
    "phone": "+216",
    "flag": "🇹🇳"
  },
  {
    "name": "Trinidad and Tobago",
    "alpha2": "TT",
    "alpha3": "TTO",
    "capital": "Port of Spain",
    "region": "Americas",
    "currency": "TTD",
    "currencySymbol": "",
    "phone": "+1868",
    "flag": "🇹🇹"
  },
  {
    "name": "Estonia",
    "alpha2": "EE",
    "alpha3": "EST",
    "capital": "Tallinn",
    "region": "Europe",
    "currency": "EUR",
    "currencySymbol": "€",
    "phone": "+372",
    "flag": "🇪🇪"
  },
  {
    "name": "Singapore",
    "alpha2": "SG",
    "alpha3": "SGP",
    "capital": "Singapore",
    "region": "Asia",
    "currency": "SGD",
    "currencySymbol": "",
    "phone": "+65",
    "flag": "🇸🇬"
  },
  {
    "name": "Panama",
    "alpha2": "PA",
    "alpha3": "PAN",
    "capital": "Panama City",
    "region": "Americas",
    "currency": "PAB",
    "currencySymbol": "",
    "phone": "+507",
    "flag": "🇵🇦"
  },
  {
    "name": "Switzerland",
    "alpha2": "CH",
    "alpha3": "CHE",
    "capital": "Bern",
    "region": "Europe",
    "currency": "CHF",
    "currencySymbol": "",
    "phone": "+41",
    "flag": "🇨🇭"
  },
  {
    "name": "Uruguay",
    "alpha2": "UY",
    "alpha3": "URY",
    "capital": "Montevideo",
    "region": "Americas",
    "currency": "UYU",
    "currencySymbol": "",
    "phone": "+598",
    "flag": "🇺🇾"
  },
  {
    "name": "Tajikistan",
    "alpha2": "TJ",
    "alpha3": "TJK",
    "capital": "Dushanbe",
    "region": "Asia",
    "currency": "TJS",
    "currencySymbol": "",
    "phone": "+992",
    "flag": "🇹🇯"
  },
  {
    "name": "Taiwan",
    "alpha2": "TW",
    "alpha3": "TWN",
    "capital": "Taipei",
    "region": "Asia",
    "currency": "TWD",
    "currencySymbol": "",
    "phone": "+886",
    "flag": "🇹🇼"
  },
  {
    "name": "South Africa",
    "alpha2": "ZA",
    "alpha3": "ZAF",
    "capital": "Pretoria",
    "region": "Africa",
    "currency": "ZAR",
    "currencySymbol": "",
    "phone": "+27",
    "flag": "🇿🇦"
  },
  {
    "name": "Liechtenstein",
    "alpha2": "LI",
    "alpha3": "LIE",
    "capital": "Vaduz",
    "region": "Europe",
    "currency": "CHF",
    "currencySymbol": "",
    "phone": "+423",
    "flag": "🇱🇮"
  },
  {
    "name": "Brazil",
    "alpha2": "BR",
    "alpha3": "BRA",
    "capital": "Brasília",
    "region": "Americas",
    "currency": "BRL",
    "currencySymbol": "",
    "phone": "+55",
    "flag": "🇧🇷"
  },
  {
    "name": "Armenia",
    "alpha2": "AM",
    "alpha3": "ARM",
    "capital": "Yerevan",
    "region": "Asia",
    "currency": "AMD",
    "currencySymbol": "",
    "phone": "+374",
    "flag": "🇦🇲"
  },
  {
    "name": "Georgia",
    "alpha2": "GE",
    "alpha3": "GEO",
    "capital": "Tbilisi",
    "region": "Asia",
    "currency": "GEL",
    "currencySymbol": "",
    "phone": "+995",
    "flag": "🇬🇪"
  },
  {
    "name": "Åland Islands",
    "alpha2": "AX",
    "alpha3": "ALA",
    "capital": "Mariehamn",
    "region": "Europe",
    "currency": "EUR",
    "currencySymbol": "€",
    "phone": "+35818",
    "flag": "🇦🇽"
  },
  {
    "name": "Qatar",
    "alpha2": "QA",
    "alpha3": "QAT",
    "capital": "Doha",
    "region": "Asia",
    "currency": "QAR",
    "currencySymbol": "",
    "phone": "+974",
    "flag": "🇶🇦"
  },
  {
    "name": "Dominica",
    "alpha2": "DM",
    "alpha3": "DMA",
    "capital": "Roseau",
    "region": "Americas",
    "currency": "XCD",
    "currencySymbol": "",
    "phone": "+1767",
    "flag": "🇩🇲"
  },
  {
    "name": "Ukraine",
    "alpha2": "UA",
    "alpha3": "UKR",
    "capital": "Kyiv",
    "region": "Europe",
    "currency": "UAH",
    "currencySymbol": "",
    "phone": "+380",
    "flag": "🇺🇦"
  },
  {
    "name": "Guinea",
    "alpha2": "GN",
    "alpha3": "GIN",
    "capital": "Conakry",
    "region": "Africa",
    "currency": "GNF",
    "currencySymbol": "",
    "phone": "+224",
    "flag": "🇬🇳"
  },
  {
    "name": "Macau",
    "alpha2": "MO",
    "alpha3": "MAC",
    "region": "Asia",
    "currency": "MOP",
    "currencySymbol": "",
    "phone": "+853",
    "flag": "🇲🇴"
  },
  {
    "name": "Western Sahara",
    "alpha2": "EH",
    "alpha3": "ESH",
    "capital": "El Aaiún",
    "region": "Africa",
    "currency": "DZD",
    "currencySymbol": "",
    "phone": "+2125288",
    "flag": "🇪🇭"
  },
  {
    "name": "Czechia",
    "alpha2": "CZ",
    "alpha3": "CZE",
    "capital": "Prague",
    "region": "Europe",
    "currency": "CZK",
    "currencySymbol": "",
    "phone": "+420",
    "flag": "🇨🇿"
  },
  {
    "name": "Austria",
    "alpha2": "AT",
    "alpha3": "AUT",
    "capital": "Vienna",
    "region": "Europe",
    "currency": "EUR",
    "currencySymbol": "€",
    "phone": "+43",
    "flag": "🇦🇹"
  },
  {
    "name": "Saint Kitts and Nevis",
    "alpha2": "KN",
    "alpha3": "KNA",
    "capital": "Basseterre",
    "region": "Americas",
    "currency": "XCD",
    "currencySymbol": "",
    "phone": "+1869",
    "flag": "🇰🇳"
  },
  {
    "name": "Saint Lucia",
    "alpha2": "LC",
    "alpha3": "LCA",
    "capital": "Castries",
    "region": "Americas",
    "currency": "XCD",
    "currencySymbol": "",
    "phone": "+1758",
    "flag": "🇱🇨"
  },
  {
    "name": "Yemen",
    "alpha2": "YE",
    "alpha3": "YEM",
    "capital": "Sana'a",
    "region": "Asia",
    "currency": "YER",
    "currencySymbol": "",
    "phone": "+967",
    "flag": "🇾🇪"
  },
  {
    "name": "Rwanda",
    "alpha2": "RW",
    "alpha3": "RWA",
    "capital": "Kigali",
    "region": "Africa",
    "currency": "RWF",
    "currencySymbol": "",
    "phone": "+250",
    "flag": "🇷🇼"
  },
  {
    "name": "Monaco",
    "alpha2": "MC",
    "alpha3": "MCO",
    "capital": "Monaco",
    "region": "Europe",
    "currency": "EUR",
    "currencySymbol": "€",
    "phone": "+377",
    "flag": "🇲🇨"
  },
  {
    "name": "São Tomé and Príncipe",
    "alpha2": "ST",
    "alpha3": "STP",
    "capital": "São Tomé",
    "region": "Africa",
    "currency": "STN",
    "currencySymbol": "",
    "phone": "+239",
    "flag": "🇸🇹"
  },
  {
    "name": "Republic of the Congo",
    "alpha2": "CG",
    "alpha3": "COG",
    "capital": "Brazzaville",
    "region": "Africa",
    "currency": "XAF",
    "currencySymbol": "",
    "phone": "+242",
    "flag": "🇨🇬"
  },
  {
    "name": "Paraguay",
    "alpha2": "PY",
    "alpha3": "PRY",
    "capital": "Asunción",
    "region": "Americas",
    "currency": "PYG",
    "currencySymbol": "",
    "phone": "+595",
    "flag": "🇵🇾"
  },
  {
    "name": "Bouvet Island",
    "alpha2": "BV",
    "alpha3": "BVT",
    "region": "Antarctic",
    "currencySymbol": "",
    "phone": "+47",
    "flag": "🇧🇻"
  },
  {
    "name": "Mozambique",
    "alpha2": "MZ",
    "alpha3": "MOZ",
    "capital": "Maputo",
    "region": "Africa",
    "currency": "MZN",
    "currencySymbol": "",
    "phone": "+258",
    "flag": "🇲🇿"
  },
  {
    "name": "France",
    "alpha2": "FR",
    "alpha3": "FRA",
    "capital": "Paris",
    "region": "Europe",
    "currency": "EUR",
    "currencySymbol": "€",
    "phone": "+33",
    "flag": "🇫🇷"
  },
  {
    "name": "Eswatini",
    "alpha2": "SZ",
    "alpha3": "SWZ",
    "capital": "Mbabane",
    "region": "Africa",
    "currency": "SZL",
    "currencySymbol": "",
    "phone": "+268",
    "flag": "🇸🇿"
  },
  {
    "name": "Barbados",
    "alpha2": "BB",
    "alpha3": "BRB",
    "capital": "Bridgetown",
    "region": "Americas",
    "currency": "BBD",
    "currencySymbol": "",
    "phone": "+1246",
    "flag": "🇧🇧"
  },
  {
    "name": "Spain",
    "alpha2": "ES",
    "alpha3": "ESP",
    "capital": "Madrid",
    "region": "Europe",
    "currency": "EUR",
    "currencySymbol": "€",
    "phone": "+34",
    "flag": "🇪🇸"
  },
  {
    "name": "Thailand",
    "alpha2": "TH",
    "alpha3": "THA",
    "capital": "Bangkok",
    "region": "Asia",
    "currency": "THB",
    "currencySymbol": "",
    "phone": "+66",
    "flag": "🇹🇭"
  },
  {
    "name": "Guinea-Bissau",
    "alpha2": "GW",
    "alpha3": "GNB",
    "capital": "Bissau",
    "region": "Africa",
    "currency": "XOF",
    "currencySymbol": "",
    "phone": "+245",
    "flag": "🇬🇼"
  },
  {
    "name": "Angola",
    "alpha2": "AO",
    "alpha3": "AGO",
    "capital": "Luanda",
    "region": "Africa",
    "currency": "AOA",
    "currencySymbol": "",
    "phone": "+244",
    "flag": "🇦🇴"
  },
  {
    "name": "India",
    "alpha2": "IN",
    "alpha3": "IND",
    "capital": "New Delhi",
    "region": "Asia",
    "currency": "INR",
    "currencySymbol": "",
    "phone": "+91",
    "flag": "🇮🇳"
  },
  {
    "name": "Martinique",
    "alpha2": "MQ",
    "alpha3": "MTQ",
    "capital": "Fort-de-France",
    "region": "Americas",
    "currency": "EUR",
    "currencySymbol": "€",
    "phone": "+596",
    "flag": "🇲🇶"
  },
  {
    "name": "New Caledonia",
    "alpha2": "NC",
    "alpha3": "NCL",
    "capital": "Nouméa",
    "region": "Oceania",
    "currency": "XPF",
    "currencySymbol": "",
    "phone": "+687",
    "flag": "🇳🇨"
  },
  {
    "name": "Seychelles",
    "alpha2": "SC",
    "alpha3": "SYC",
    "capital": "Victoria",
    "region": "Africa",
    "currency": "SCR",
    "currencySymbol": "",
    "phone": "+248",
    "flag": "🇸🇨"
  },
  {
    "name": "Falkland Islands",
    "alpha2": "FK",
    "alpha3": "FLK",
    "capital": "Stanley",
    "region": "Americas",
    "currency": "FKP",
    "currencySymbol": "",
    "phone": "+500",
    "flag": "🇫🇰"
  },
  {
    "name": "United Kingdom",
    "alpha2": "GB",
    "alpha3": "GBR",
    "capital": "London",
    "region": "Europe",
    "currency": "GBP",
    "currencySymbol": "£",
    "phone": "+44",
    "flag": "🇬🇧"
  },
  {
    "name": "Fiji",
    "alpha2": "FJ",
    "alpha3": "FJI",
    "capital": "Suva",
    "region": "Oceania",
    "currency": "FJD",
    "currencySymbol": "",
    "phone": "+679",
    "flag": "🇫🇯"
  },
  {
    "name": "San Marino",
    "alpha2": "SM",
    "alpha3": "SMR",
    "capital": "City of San Marino",
    "region": "Europe",
    "currency": "EUR",
    "currencySymbol": "€",
    "phone": "+378",
    "flag": "🇸🇲"
  },
  {
    "name": "Mali",
    "alpha2": "ML",
    "alpha3": "MLI",
    "capital": "Bamako",
    "region": "Africa",
    "currency": "XOF",
    "currencySymbol": "",
    "phone": "+223",
    "flag": "🇲🇱"
  },
  {
    "name": "Canada",
    "alpha2": "CA",
    "alpha3": "CAN",
    "capital": "Ottawa",
    "region": "Americas",
    "currency": "CAD",
    "currencySymbol": "",
    "phone": "+1",
    "flag": "🇨🇦"
  },
  {
    "name": "Jamaica",
    "alpha2": "JM",
    "alpha3": "JAM",
    "capital": "Kingston",
    "region": "Americas",
    "currency": "JMD",
    "currencySymbol": "",
    "phone": "+1876",
    "flag": "🇯🇲"
  },
  {
    "name": "Nauru",
    "alpha2": "NR",
    "alpha3": "NRU",
    "capital": "Yaren",
    "region": "Oceania",
    "currency": "AUD",
    "currencySymbol": "",
    "phone": "+674",
    "flag": "🇳🇷"
  },
  {
    "name": "Indonesia",
    "alpha2": "ID",
    "alpha3": "IDN",
    "capital": "Jakarta",
    "region": "Asia",
    "currency": "IDR",
    "currencySymbol": "",
    "phone": "+62",
    "flag": "🇮🇩"
  },
  {
    "name": "Guam",
    "alpha2": "GU",
    "alpha3": "GUM",
    "capital": "Hagåtña",
    "region": "Oceania",
    "currency": "USD",
    "currencySymbol": "$",
    "phone": "+1671",
    "flag": "🇬🇺"
  },
  {
    "name": "Ivory Coast",
    "alpha2": "CI",
    "alpha3": "CIV",
    "capital": "Yamoussoukro",
    "region": "Africa",
    "currency": "XOF",
    "currencySymbol": "",
    "phone": "+225",
    "flag": "🇨🇮"
  },
  {
    "name": "Kuwait",
    "alpha2": "KW",
    "alpha3": "KWT",
    "capital": "Kuwait City",
    "region": "Asia",
    "currency": "KWD",
    "currencySymbol": "",
    "phone": "+965",
    "flag": "🇰🇼"
  },
  {
    "name": "Philippines",
    "alpha2": "PH",
    "alpha3": "PHL",
    "capital": "Manila",
    "region": "Asia",
    "currency": "PHP",
    "currencySymbol": "",
    "phone": "+63",
    "flag": "🇵🇭"
  },
  {
    "name": "Guyana",
    "alpha2": "GY",
    "alpha3": "GUY",
    "capital": "Georgetown",
    "region": "Americas",
    "currency": "GYD",
    "currencySymbol": "",
    "phone": "+592",
    "flag": "🇬🇾"
  },
  {
    "name": "Hungary",
    "alpha2": "HU",
    "alpha3": "HUN",
    "capital": "Budapest",
    "region": "Europe",
    "currency": "HUF",
    "currencySymbol": "",
    "phone": "+36",
    "flag": "🇭🇺"
  },
  {
    "name": "Mexico",
    "alpha2": "MX",
    "alpha3": "MEX",
    "capital": "Mexico City",
    "region": "Americas",
    "currency": "MXN",
    "currencySymbol": "",
    "phone": "+52",
    "flag": "🇲🇽"
  },
  {
    "name": "North Korea",
    "alpha2": "KP",
    "alpha3": "PRK",
    "capital": "Pyongyang",
    "region": "Asia",
    "currency": "KPW",
    "currencySymbol": "",
    "phone": "+850",
    "flag": "🇰🇵"
  },
  {
    "name": "Romania",
    "alpha2": "RO",
    "alpha3": "ROU",
    "capital": "Bucharest",
    "region": "Europe",
    "currency": "RON",
    "currencySymbol": "",
    "phone": "+40",
    "flag": "🇷🇴"
  },
  {
    "name": "Suriname",
    "alpha2": "SR",
    "alpha3": "SUR",
    "capital": "Paramaribo",
    "region": "Americas",
    "currency": "SRD",
    "currencySymbol": "",
    "phone": "+597",
    "flag": "🇸🇷"
  },
  {
    "name": "American Samoa",
    "alpha2": "AS",
    "alpha3": "ASM",
    "capital": "Pago Pago",
    "region": "Oceania",
    "currency": "USD",
    "currencySymbol": "$",
    "phone": "+1684",
    "flag": "🇦🇸"
  },
  {
    "name": "Nepal",
    "alpha2": "NP",
    "alpha3": "NPL",
    "capital": "Kathmandu",
    "region": "Asia",
    "currency": "NPR",
    "currencySymbol": "",
    "phone": "+977",
    "flag": "🇳🇵"
  },
  {
    "name": "Chad",
    "alpha2": "TD",
    "alpha3": "TCD",
    "capital": "N'Djamena",
    "region": "Africa",
    "currency": "XAF",
    "currencySymbol": "",
    "phone": "+235",
    "flag": "🇹🇩"
  },
  {
    "name": "Serbia",
    "alpha2": "RS",
    "alpha3": "SRB",
    "capital": "Belgrade",
    "region": "Europe",
    "currency": "RSD",
    "currencySymbol": "",
    "phone": "+381",
    "flag": "🇷🇸"
  },
  {
    "name": "Cambodia",
    "alpha2": "KH",
    "alpha3": "KHM",
    "capital": "Phnom Penh",
    "region": "Asia",
    "currency": "KHR",
    "currencySymbol": "",
    "phone": "+855",
    "flag": "🇰🇭"
  },
  {
    "name": "Malaysia",
    "alpha2": "MY",
    "alpha3": "MYS",
    "capital": "Kuala Lumpur",
    "region": "Asia",
    "currency": "MYR",
    "currencySymbol": "",
    "phone": "+60",
    "flag": "🇲🇾"
  },
  {
    "name": "Cyprus",
    "alpha2": "CY",
    "alpha3": "CYP",
    "capital": "Nicosia",
    "region": "Europe",
    "currency": "EUR",
    "currencySymbol": "€",
    "phone": "+357",
    "flag": "🇨🇾"
  }
]